{
  "run_name": "ca_adam_ciou",
  "test_set": "standard",
  "provenance": {
    "timestamp_utc": "2026-07-03T03:10:39.790821+00:00",
    "git_head": "5c2178a647bb3ebd97bc4b5114158535143118cd",
    "git_dirty": false,
    "ultralytics_version": "8.3.40",
    "torch_version": "2.10.0+cu128",
    "cuda_version": "12.8",
    "python_version": "3.12.13",
    "device": "Tesla T4",
    "train_optimizer": "Adam",
    "train_iou_type": "ciou"
  },
  "test_set_image_count": 500,
  "test_set_instance_count": 3140,
  "checkpoint": "/kaggle/input/datasets/wenzhong2/pcb-ablation-weights/ablation/ca_adam_ciou/weights/best.pt",
  "checkpoint_sha256": "2c072e409cfb1a90ef03d5f39eb0f8d4e4f873e76068df8d6bc1f1673232406c",
  "data_yaml": "/kaggle/working/deeppcb_kaggle.yaml",
  "data_yaml_sha256": "049b1f165db151cd1788e68de1b8209e506b33d5ab9644a8f7a77c029bc2736d",
  "overall": {
    "mAP50": 0.9396150733929306,
    "mAP50-95": 0.7430207661474644,
    "precision": 0.91859524681816,
    "recall": 0.8915774239659765,
    "fitness": 0.762680196872011
  },
  "per_class": {
    "open": {
      "mAP50": 0.9644834693130694,
      "mAP50-95": 0.6493269002287569,
      "precision": 0.964180340391988,
      "recall": 0.881638846737481,
      "instances": 659
    },
    "short": {
      "mAP50": 0.8402800560677397,
      "mAP50-95": 0.5532802178624051,
      "precision": 0.8157195399550662,
      "recall": 0.7698744769874477,
      "instances": 478
    },
    "mousebite": {
      "mAP50": 0.9619980129341545,
      "mAP50-95": 0.7395376133375304,
      "precision": 0.964238181824854,
      "recall": 0.8742206269145556,
      "instances": 586
    },
    "spur": {
      "mAP50": 0.947557667582147,
      "mAP50-95": 0.7156477668440003,
      "precision": 0.9543090686807963,
      "recall": 0.8861283643892339,
      "instances": 483
    },
    "copper": {
      "mAP50": 0.9697500550404721,
      "mAP50-95": 0.9207878994780744,
      "precision": 0.9406694696411625,
      "recall": 0.9567511649373538,
      "instances": 464
    },
    "pin-hole": {
      "mAP50": 0.9536211794200005,
      "mAP50-95": 0.8795441991340175,
      "precision": 0.8724548804150928,
      "recall": 0.9808510638297873,
      "instances": 470
    }
  },
  "eval_config": {
    "imgsz": 640,
    "batch": 32,
    "conf": 0.001,
    "iou": 0.6,
    "seed": 42,
    "device": "0"
  }
}