{
  "run_name": "vanilla_adam_ciou_100",
  "test_set": "cleaned",
  "provenance": {
    "timestamp_utc": "2026-07-03T03:10:39.790821+00:00",
    "git_head": "5c2178a647bb3ebd97bc4b5114158535143118cd",
    "git_dirty": false,
    "ultralytics_version": "8.3.40",
    "torch_version": "2.10.0+cu128",
    "cuda_version": "12.8",
    "python_version": "3.12.13",
    "device": "Tesla T4",
    "train_optimizer": "Adam",
    "train_iou_type": "ciou"
  },
  "test_set_image_count": 478,
  "test_set_instance_count": 2992,
  "checkpoint": "/kaggle/input/datasets/wenzhong2/pcb-ablation-weights/ablation/vanilla_adam_ciou_100/weights/best.pt",
  "checkpoint_sha256": "d69dfa055c917ef25f4fd96bfcfff5d76acefdac34ad6bc16d46e9580dc6a658",
  "data_yaml": "/kaggle/working/deeppcb_kaggle_cleaned.yaml",
  "data_yaml_sha256": "440eecbf0625bbf808c1e37404085449557919b0b0939c72d92e5aece6777794",
  "overall": {
    "mAP50": 0.9368065425717909,
    "mAP50-95": 0.7615639937401927,
    "precision": 0.8988463644010225,
    "recall": 0.8965613475166575,
    "fitness": 0.7790882486233525
  },
  "per_class": {
    "open": {
      "mAP50": 0.9683052287663005,
      "mAP50-95": 0.6758642349460875,
      "precision": 0.9574999592859846,
      "recall": 0.8985736925515055,
      "instances": 631
    },
    "short": {
      "mAP50": 0.8355270220795575,
      "mAP50-95": 0.5781314877244303,
      "precision": 0.8334883248057535,
      "recall": 0.76076195763508,
      "instances": 454
    },
    "mousebite": {
      "mAP50": 0.9385773331482141,
      "mAP50-95": 0.7362032028202219,
      "precision": 0.8722195346396634,
      "recall": 0.8938848920863309,
      "instances": 556
    },
    "spur": {
      "mAP50": 0.9571577189086611,
      "mAP50-95": 0.7345999866344032,
      "precision": 0.9462383083549255,
      "recall": 0.8903508771929824,
      "instances": 456
    },
    "copper": {
      "mAP50": 0.9788208999874356,
      "mAP50-95": 0.9490111744035105,
      "precision": 0.9447247175125953,
      "recall": 0.9667017428967396,
      "instances": 442
    },
    "pin-hole": {
      "mAP50": 0.9424510525405762,
      "mAP50-95": 0.8955738759125025,
      "precision": 0.8389073418072129,
      "recall": 0.9690949227373068,
      "instances": 453
    }
  },
  "eval_config": {
    "imgsz": 640,
    "batch": 32,
    "conf": 0.001,
    "iou": 0.6,
    "seed": 42,
    "device": "0"
  }
}