{
  "run_name": "vanilla_adamw_ciou_100",
  "test_set": "cleaned",
  "provenance": {
    "timestamp_utc": "2026-07-03T03:10:39.790821+00:00",
    "git_head": "5c2178a647bb3ebd97bc4b5114158535143118cd",
    "git_dirty": false,
    "ultralytics_version": "8.3.40",
    "torch_version": "2.10.0+cu128",
    "cuda_version": "12.8",
    "python_version": "3.12.13",
    "device": "Tesla T4",
    "train_optimizer": "AdamW",
    "train_iou_type": "ciou"
  },
  "test_set_image_count": 478,
  "test_set_instance_count": 2992,
  "checkpoint": "/kaggle/input/datasets/wenzhong2/pcb-ablation-weights/ablation/vanilla_adamw_ciou_100/weights/best.pt",
  "checkpoint_sha256": "7682f07f8cbff8ab2392f4f9dadee38538c51c061e6c97b689128f714571847d",
  "data_yaml": "/kaggle/working/deeppcb_kaggle_cleaned.yaml",
  "data_yaml_sha256": "440eecbf0625bbf808c1e37404085449557919b0b0939c72d92e5aece6777794",
  "overall": {
    "mAP50": 0.9373429526470561,
    "mAP50-95": 0.7557689834697998,
    "precision": 0.9161490783777042,
    "recall": 0.8952404284542839,
    "fitness": 0.7739263803875254
  },
  "per_class": {
    "open": {
      "mAP50": 0.9617327833890776,
      "mAP50-95": 0.6654504613563234,
      "precision": 0.9472117232728111,
      "recall": 0.8985736925515055,
      "instances": 631
    },
    "short": {
      "mAP50": 0.8360655557213629,
      "mAP50-95": 0.5680637044315383,
      "precision": 0.8101908543809365,
      "recall": 0.7897585072612138,
      "instances": 454
    },
    "mousebite": {
      "mAP50": 0.9591893997528436,
      "mAP50-95": 0.7501592392092068,
      "precision": 0.9527874494688202,
      "recall": 0.8711148369343373,
      "instances": 556
    },
    "spur": {
      "mAP50": 0.944041178612015,
      "mAP50-95": 0.7223604977008403,
      "precision": 0.9668761510107037,
      "recall": 0.8961770382701572,
      "instances": 456
    },
    "copper": {
      "mAP50": 0.9817238886618925,
      "mAP50-95": 0.946646790871247,
      "precision": 0.9707159857691247,
      "recall": 0.9592760180995475,
      "instances": 442
    },
    "pin-hole": {
      "mAP50": 0.9413049097451456,
      "mAP50-95": 0.8819332072496431,
      "precision": 0.8491123063638292,
      "recall": 0.9565424776089426,
      "instances": 453
    }
  },
  "eval_config": {
    "imgsz": 640,
    "batch": 32,
    "conf": 0.001,
    "iou": 0.6,
    "seed": 42,
    "device": "0"
  }
}