{
  "run_name": "vanilla_adamw_ciou_100",
  "test_set": "standard",
  "provenance": {
    "timestamp_utc": "2026-07-03T03:10:39.790821+00:00",
    "git_head": "5c2178a647bb3ebd97bc4b5114158535143118cd",
    "git_dirty": false,
    "ultralytics_version": "8.3.40",
    "torch_version": "2.10.0+cu128",
    "cuda_version": "12.8",
    "python_version": "3.12.13",
    "device": "Tesla T4",
    "train_optimizer": "AdamW",
    "train_iou_type": "ciou"
  },
  "test_set_image_count": 500,
  "test_set_instance_count": 3140,
  "checkpoint": "/kaggle/input/datasets/wenzhong2/pcb-ablation-weights/ablation/vanilla_adamw_ciou_100/weights/best.pt",
  "checkpoint_sha256": "7682f07f8cbff8ab2392f4f9dadee38538c51c061e6c97b689128f714571847d",
  "data_yaml": "/kaggle/working/deeppcb_kaggle.yaml",
  "data_yaml_sha256": "049b1f165db151cd1788e68de1b8209e506b33d5ab9644a8f7a77c029bc2736d",
  "overall": {
    "mAP50": 0.9386066104867984,
    "mAP50-95": 0.7578155225344199,
    "precision": 0.9165957528122469,
    "recall": 0.8979794938202899,
    "fitness": 0.7758946313296577
  },
  "per_class": {
    "open": {
      "mAP50": 0.9630949964299133,
      "mAP50-95": 0.6695961256852602,
      "precision": 0.9480575538627178,
      "recall": 0.9028831562974203,
      "instances": 659
    },
    "short": {
      "mAP50": 0.8403606639988903,
      "mAP50-95": 0.5740648747400364,
      "precision": 0.8135247425343183,
      "recall": 0.7940384148464247,
      "instances": 478
    },
    "mousebite": {
      "mAP50": 0.958929302352823,
      "mAP50-95": 0.7496550008049836,
      "precision": 0.9482764450873187,
      "recall": 0.8760065688318968,
      "instances": 586
    },
    "spur": {
      "mAP50": 0.9470006697457617,
      "mAP50-95": 0.725366502898185,
      "precision": 0.9687957077847433,
      "recall": 0.8999104129424258,
      "instances": 483
    },
    "copper": {
      "mAP50": 0.98209255098479,
      "mAP50-95": 0.9468596238754291,
      "precision": 0.9720592786877811,
      "recall": 0.959051724137931,
      "instances": 464
    },
    "pin-hole": {
      "mAP50": 0.9401614794086117,
      "mAP50-95": 0.8813510072026253,
      "precision": 0.8488607889166033,
      "recall": 0.9559866858656405,
      "instances": 470
    }
  },
  "eval_config": {
    "imgsz": 640,
    "batch": 32,
    "conf": 0.001,
    "iou": 0.6,
    "seed": 42,
    "device": "0"
  }
}