run_name,optimizer,iou_type,mAP50,mAP50-95,precision,recall,best_class_mAP50,worst_class_mAP50,worst_class
ca_adam_ciou,Adam,ciou,0.9376236995764823,0.7401140733599447,0.91556369905655,0.8912380122745698,0.9688629915132507,0.8341413273657288,short
ca_adam_wiou,Adam,wiou,0.933226127684831,0.7421466520421431,0.8896995820450976,0.9018988348959595,0.9820323532151134,0.8293620127077224,short
ca_sgd_ciou,SGD,ciou,0.9370746093556384,0.7495866384502163,0.9213831224804713,0.8865178979785914,0.9787883564372154,0.8447261654442542,short
ca_sgd_wiou,SGD,wiou,0.9438329165198405,0.7571981319267643,0.9165190818709572,0.8974197508259331,0.9754586593155817,0.8321576764568493,short
vanilla_adam_ciou_100,Adam,ciou,0.9368065425717909,0.7615639937401927,0.8988463644010225,0.8965613475166575,0.9788208999874356,0.8355270220795575,short
vanilla_adamw_ciou_100,AdamW,ciou,0.9373429526470561,0.7557689834697998,0.9161490783777042,0.8952404284542839,0.9817238886618925,0.8360655557213629,short
