run_name,optimizer,iou_type,mAP50,mAP50-95,precision,recall,best_class_mAP50,worst_class_mAP50,worst_class
ca_adam_ciou,Adam,ciou,0.9396150733929306,0.7430207661474644,0.91859524681816,0.8915774239659765,0.9697500550404721,0.8402800560677397,short
ca_adam_wiou,Adam,wiou,0.9346753040211692,0.7442952601966384,0.8912934250775807,0.9036075849485298,0.9817204464879635,0.8326330379159038,short
ca_sgd_ciou,SGD,ciou,0.9387561822519846,0.7521494085892448,0.9232463014476627,0.8877446386389988,0.9790313071627691,0.8504666403499064,short
ca_sgd_wiou,SGD,wiou,0.9450468047440327,0.7582475353340395,0.918103896292445,0.8979511388541064,0.9757251857099005,0.8370500003773415,short
vanilla_adam_ciou_100,Adam,ciou,0.9382610061209674,0.7636529702779584,0.9007377337900885,0.8990085925027027,0.9796214905478418,0.84103537743168,short
vanilla_adamw_ciou_100,AdamW,ciou,0.9386066104867984,0.7578155225344199,0.9165957528122469,0.8979794938202899,0.98209255098479,0.8403606639988903,short
